Name,3Letter,1Letter,Codons
Alanine,Ala,A,GCT,GCC,GCA,GCG
Arginine,Arg,R,CGT,CGC,CGA,CGG,AGA,AGG
Asparagine,Asn,N,AAT,AAC
AsparticAcid,Asp,D,GAT,GAC
Cysteine,Cys,C,TGT,TGC
Glutamine,Gln,Q,CAA,CAG
GlutamicAcid,Glu,E,GAA,GAG
Glycine,Gly,G,GGT,GGC,GGA,GGG
Histidine,His,H,CAT,CAC
Isoleucine,Ile,I,ATT,ATC,ATA
Leucine,Leu,L,TTA,TTG,CTT,CTC,CTA,CTG
Lysine,Lys,K,AAA,AAG
Methionine,Met,M,ATG
Phenylalanine,Phe,F,TTT,TTC
Proline,Pro,P,CCT,CCC,CCA,CCG
Serine,Ser,S,TCT,TCC,TCA,TCG,AGT,AGC
Threonine,Thr,T,ACT,ACC,ACA,ACG
Tryptophan,Trp,W,TGG
Tyrosine,Tyr,Y,TAT,TAC
Valine,Val,V,GTT,GTC,GTA,GTG
